{
    "x0": [
        0.001000000023735437,
        0.0006921404827259444,
        0.00015701783286774733,
        0.0005338196845232891,
        0.0010000000164507993,
        0.001,
        0.00037204686812944914,
        0.000644968777232256,
        0.0005831952317892241,
        0.0007599866897413638,
        0.0010000000153801483,
        0.0010000000269205073,
        0.0010000000740902819,
        0.0001225429565699445,
        0.0010000000230875473,
        0.0010000000178304828,
        0.000805207627612455,
        0.0005640614138404862,
        0.0003622474154474385,
        0.0007997105953838534,
        0.001,
        0.0006400666828450518,
        0.00013901122307594528,
        5.681605936293222e-05,
        0.001,
        0.0008629711936125159,
        0.001,
        0.000715358937904867,
        0.0005642748647697748,
        0.0010000000226630223,
        0.0005596052021100853,
        0.0006976612591956537,
        0.0007804225377161478,
        0.0008319740064214006,
        0.0007576164875079773,
        0.0008096124556895306,
        0.0005267476444068056,
        0.0009005788508401677,
        0.001,
        0.001,
        0.000692349060435038,
        0.0005595440121457384,
        0.0008855641726049951,
        0.0008556597628337437,
        0.0005327331988544821,
        0.0006173361562862064,
        0.0004049883515253696,
        0.0007565765101318339,
        0.0008461987569440186,
        0.00014312147918869045,
        0.001,
        0.0005024509006224566,
        0.0002867429310900783,
        0.0004142355829215497,
        0.001,
        0.001,
        0.0008428621168668673,
        0.0005449209197695514,
        0.001,
        0.001000000006732136,
        0.00042644827443812143,
        0.0007622112333610653,
        0.0010000000050727714,
        0.0009387712232295437,
        0.0009211420705499452,
        0.0010000000187434966,
        0.0010000000212148016,
        0.0007440422198012354,
        0.0006562585190394319,
        0.0006308993803578134,
        9.264776853557402e-06,
        0.001,
        0.0008327912988408266,
        0.001,
        0.0008395907427641139,
        0.001,
        0.001,
        0.001,
        0.0004328291008880041,
        0.0008307527651736929,
        0.00029984906237030427,
        0.001,
        0.000477804605019718,
        0.0010000000503872823
    ],
    "x1": [
        34740940.87551907,
        35365689.36259737,
        35998826.37491417,
        36640426.66724214,
        37290565.32596944,
        37949317.769099995,
        38616759.746253215,
        39292967.33866425,
        39978016.959183745,
        40671985.352278106,
        41374949.59402921,
        42086987.09213471,
        42808175.58590772,
        43538593.146277115,
        44278318.17578728,
        45027429.40859832,
        45786005.91048585,
        46554127.078841224,
        47331872.642671295,
        48119322.66259866,
        48916557.53086141,
        49723657.97131337,
        50540705.03942389,
        51367780.12227804,
        52204964.93857642,
        53052341.53863526,
        53909992.30438646,
        54777999.94937755,
        55656447.51877162,
        56545418.38934736,
        57444996.2694992,
        58355265.19923704,
        59276309.55018655,
        60208214.025588885,
        61151063.66030094,
        62104943.8207951,
        63069940.20515952,
        64046138.84309782,
        65033626.09592939,
        66032488.6565891,
        67042813.54962757,
        68064688.13121091,
        69098200.08912098,
        70143437.44275515,
        71200488.54312651,
        72269442.07286365,
        73350387.04621093,
        74443412.80902815,
        75548609.03879093,
        76666065.74459036,
        77795873.26713315,
        78938122.27874172,
        80092903.78335412,
        81260309.11652394,
        82440429.94542035,
        83633358.26882826,
        84839186.4171482,
        86058007.05239624,
        87289913.16820402,
        88534998.089819,
        89793355.47410402,
        91065079.30953778,
        92350263.91621438,
        93649003.94584373,
        94961394.38175116,
        96287530.53887787,
        97627508.06378041,
        98981422.93463118,
        100349371.46121803,
        101731450.28494456,
        103127756.37882987,
        104538387.04750882,
        105963439.92723171,
        107403012.98586467,
        108857204.5228893,
        110326113.16940281,
        111809837.8881181,
        113308477.97336377,
        114822133.05108388,
        116350903.0788381,
        117894888.34580186,
        119454189.4727662,
        121028907.41213767,
        122619143.44793843
    ]
}